0.000000,2.000000,1,5,1.000000,1.000000,0.000000,0.000000,1.000000,1.000000,1,1
1.000000,3.000000,1,5,1.000000,1.000000,0.000000,0.000000,1.000000,1.000000,1,1
2.000000,4.000000,1,5,1.000000,1.000000,0.000000,0.000000,1.000000,1.000000,1,1
3.000000,4.000000,1,5,1.000000,1.000000,0.000000,0.000000,1.000000,1.000000,1,1
4.000000,4.000000,1,5,1.000000,1.000000,0.000000,0.000000,1.000000,1.000000,1,1
5.000000,3.000000,1,5,1.000000,1.000000,0.000000,0.000000,1.000000,1.000000,1,1
6.000000,2.000000,1,5,1.000000,1.000000,0.000000,0.000000,1.000000,1.000000,1,1
6.000000,1.000000,1,5,1.000000,1.000000,0.000000,0.000000,1.000000,1.000000,1,1
6.000000,0.000000,1,5,1.000000,1.000000,0.000000,0.000000,1.000000,1.000000,1,1
5.000000,-1.000000,1,5,1.000000,1.000000,0.000000,0.000000,1.000000,1.000000,1,1
4.000000,-2.000000,1,5,1.000000,1.000000,0.000000,0.000000,1.000000,1.000000,1,1
3.000000,-3.000000,1,5,1.000000,1.000000,0.000000,0.000000,1.000000,1.000000,1,1
2.000000,-4.000000,1,5,1.000000,1.000000,0.000000,0.000000,1.000000,1.000000,1,1
1.000000,-5.000000,1,5,1.000000,1.000000,0.000000,0.000000,1.000000,1.000000,1,1
-1.000000,3.000000,1,5,1.000000,1.000000,0.000000,0.000000,1.000000,1.000000,1,1
-2.000000,4.000000,1,5,1.000000,1.000000,0.000000,0.000000,1.000000,1.000000,1,1
-3.000000,4.000000,1,5,1.000000,1.000000,0.000000,0.000000,1.000000,1.000000,1,1
-4.000000,4.000000,1,5,1.000000,1.000000,0.000000,0.000000,1.000000,1.000000,1,1
-5.000000,3.000000,1,5,1.000000,1.000000,0.000000,0.000000,1.000000,1.000000,1,1
-6.000000,2.000000,1,5,1.000000,1.000000,0.000000,0.000000,1.000000,1.000000,1,1
-6.000000,1.000000,1,5,1.000000,1.000000,0.000000,0.000000,1.000000,1.000000,1,1
-6.000000,0.000000,1,5,1.000000,1.000000,0.000000,0.000000,1.000000,1.000000,1,1
-5.000000,-1.000000,1,5,1.000000,1.000000,0.000000,0.000000,1.000000,1.000000,1,1
-4.000000,-2.000000,1,5,1.000000,1.000000,0.000000,0.000000,1.000000,1.000000,1,1
-3.000000,-3.000000,1,5,1.000000,1.000000,0.000000,0.000000,1.000000,1.000000,1,1
-2.000000,-4.000000,1,5,1.000000,1.000000,0.000000,0.000000,1.000000,1.000000,1,1
-1.000000,-5.000000,1,5,1.000000,1.000000,0.000000,0.000000,1.000000,1.000000,1,1
0.000000,-6.000000,1,5,1.000000,1.000000,0.000000,0.000000,1.000000,1.000000,1,1
-11.000000,2.000000,1,5,1.000000,1.000000,0.000000,0.000000,1.000000,1.000000,1,1
-12.000000,3.000000,1,5,1.000000,1.000000,0.000000,0.000000,1.000000,1.000000,1,1
-12.000000,1.000000,1,5,1.000000,1.000000,0.000000,0.000000,1.000000,1.000000,1,1
-13.000000,2.000000,1,5,1.000000,1.000000,0.000000,0.000000,1.000000,1.000000,1,1
-11.000000,-6.000000,1,5,1.000000,1.000000,0.000000,0.000000,1.000000,1.000000,1,1
-12.000000,-7.000000,1,5,1.000000,1.000000,0.000000,0.000000,1.000000,1.000000,1,1
-11.000000,-8.000000,1,5,1.000000,1.000000,0.000000,0.000000,1.000000,1.000000,1,1
-10.000000,-7.000000,1,5,1.000000,1.000000,0.000000,0.000000,1.000000,1.000000,1,1
8.000000,-9.000000,1,5,1.000000,1.000000,0.000000,0.000000,1.000000,1.000000,1,1
9.000000,-8.000000,1,5,1.000000,1.000000,0.000000,0.000000,1.000000,1.000000,1,1
9.000000,-10.000000,1,5,1.000000,1.000000,0.000000,0.000000,1.000000,1.000000,1,1
10.000000,-9.000000,1,5,1.000000,1.000000,0.000000,0.000000,1.000000,1.000000,1,1
12.000000,1.000000,1,5,1.000000,1.000000,0.000000,0.000000,1.000000,1.000000,1,1
13.000000,0.000000,1,5,1.000000,1.000000,0.000000,0.000000,1.000000,1.000000,1,1
14.000000,1.000000,1,5,1.000000,1.000000,0.000000,0.000000,1.000000,1.000000,1,1
13.000000,2.000000,1,5,1.000000,1.000000,0.000000,0.000000,1.000000,1.000000,1,1
10.000000,8.000000,1,5,1.000000,1.000000,0.000000,0.000000,1.000000,1.000000,1,1
9.000000,9.000000,1,5,1.000000,1.000000,0.000000,0.000000,1.000000,1.000000,1,1
10.000000,10.000000,1,5,1.000000,1.000000,0.000000,0.000000,1.000000,1.000000,1,1
11.000000,9.000000,1,5,1.000000,1.000000,0.000000,0.000000,1.000000,1.000000,1,1
-3.000000,10.000000,1,5,1.000000,1.000000,0.000000,0.000000,1.000000,1.000000,1,1
-2.000000,11.000000,1,5,1.000000,1.000000,0.000000,0.000000,1.000000,1.000000,1,1
-2.000000,9.000000,1,5,1.000000,1.000000,0.000000,0.000000,1.000000,1.000000,1,1
-1.000000,10.000000,1,5,1.000000,1.000000,0.000000,0.000000,1.000000,1.000000,1,1
-2.000000,-11.000000,1,5,1.000000,1.000000,0.000000,0.000000,1.000000,1.000000,1,1
-1.000000,-12.000000,1,5,1.000000,1.000000,0.000000,0.000000,1.000000,1.000000,1,1
-3.000000,-12.000000,1,5,1.000000,1.000000,0.000000,0.000000,1.000000,1.000000,1,1
-2.000000,-13.000000,1,5,1.000000,1.000000,0.000000,0.000000,1.000000,1.000000,1,1
17.000000,-9.000000,1,5,1.000000,1.000000,0.000000,0.000000,1.000000,1.000000,1,1
18.000000,-10.000000,1,5,1.000000,1.000000,0.000000,0.000000,1.000000,1.000000,1,1
17.000000,-12.000000,1,5,1.000000,1.000000,0.000000,0.000000,1.000000,1.000000,1,1
18.000000,-11.000000,1,5,1.000000,1.000000,0.000000,0.000000,1.000000,1.000000,1,1
17.000000,-11.000000,1,5,1.000000,1.000000,0.000000,0.000000,1.000000,1.000000,1,1
18.000000,-9.000000,1,5,1.000000,1.000000,0.000000,0.000000,1.000000,1.000000,1,1
19.000000,-12.000000,1,5,1.000000,1.000000,0.000000,0.000000,1.000000,1.000000,1,1
16.000000,-12.000000,1,5,1.000000,1.000000,0.000000,0.000000,1.000000,1.000000,1,1
17.000000,-10.000000,1,5,1.000000,1.000000,0.000000,0.000000,1.000000,1.000000,1,1
17.000000,-8.000000,1,5,1.000000,1.000000,0.000000,0.000000,1.000000,1.000000,1,1
18.000000,-8.000000,1,5,1.000000,1.000000,0.000000,0.000000,1.000000,1.000000,1,1
-23.000000,-2.000000,1,5,1.000000,1.000000,0.000000,0.000000,1.000000,1.000000,1,1
-24.000000,-2.000000,1,5,1.000000,1.000000,0.000000,0.000000,1.000000,1.000000,1,1
-25.000000,-3.000000,1,5,1.000000,1.000000,0.000000,0.000000,1.000000,1.000000,1,1
-24.000000,-3.000000,1,5,1.000000,1.000000,0.000000,0.000000,1.000000,1.000000,1,1
-24.000000,-4.000000,1,5,1.000000,1.000000,0.000000,0.000000,1.000000,1.000000,1,1
-23.000000,-4.000000,1,5,1.000000,1.000000,0.000000,0.000000,1.000000,1.000000,1,1
-22.000000,-4.000000,1,5,1.000000,1.000000,0.000000,0.000000,1.000000,1.000000,1,1
-22.000000,-5.000000,1,5,1.000000,1.000000,0.000000,0.000000,1.000000,1.000000,1,1
-22.000000,-6.000000,1,5,1.000000,1.000000,0.000000,0.000000,1.000000,1.000000,1,1
-23.000000,-7.000000,1,5,1.000000,1.000000,0.000000,0.000000,1.000000,1.000000,1,1
-22.000000,-3.000000,1,5,1.000000,1.000000,0.000000,0.000000,1.000000,1.000000,1,1
-23.000000,-3.000000,1,5,1.000000,1.000000,0.000000,0.000000,1.000000,1.000000,1,1
-19.000000,-7.000000,1,5,1.000000,1.000000,0.000000,0.000000,1.000000,1.000000,1,1
-20.000000,-6.000000,1,5,1.000000,1.000000,0.000000,0.000000,1.000000,1.000000,1,1
-20.000000,-5.000000,1,5,1.000000,1.000000,0.000000,0.000000,1.000000,1.000000,1,1
-20.000000,-4.000000,1,5,1.000000,1.000000,0.000000,0.000000,1.000000,1.000000,1,1
-20.000000,-3.000000,1,5,1.000000,1.000000,0.000000,0.000000,1.000000,1.000000,1,1
-19.000000,-2.000000,1,5,1.000000,1.000000,0.000000,0.000000,1.000000,1.000000,1,1
-19.000000,-3.000000,1,5,1.000000,1.000000,0.000000,0.000000,1.000000,1.000000,1,1
-19.000000,-4.000000,1,5,1.000000,1.000000,0.000000,0.000000,1.000000,1.000000,1,1
-18.000000,-4.000000,1,5,1.000000,1.000000,0.000000,0.000000,1.000000,1.000000,1,1
-18.000000,-2.000000,1,5,1.000000,1.000000,0.000000,0.000000,1.000000,1.000000,1,1
-18.000000,-3.000000,1,5,1.000000,1.000000,0.000000,0.000000,1.000000,1.000000,1,1
-17.000000,-3.000000,1,5,1.000000,1.000000,0.000000,0.000000,1.000000,1.000000,1,1
3.000000,17.000000,1,5,1.000000,1.000000,0.000000,0.000000,1.000000,1.000000,1,1
3.000000,16.000000,1,5,1.000000,1.000000,0.000000,0.000000,1.000000,1.000000,1,1
3.000000,15.000000,1,5,1.000000,1.000000,0.000000,0.000000,1.000000,1.000000,1,1
2.000000,14.000000,1,5,1.000000,1.000000,0.000000,0.000000,1.000000,1.000000,1,1
1.000000,13.000000,1,5,1.000000,1.000000,0.000000,0.000000,1.000000,1.000000,1,1
0.000000,15.000000,1,5,1.000000,1.000000,0.000000,0.000000,1.000000,1.000000,1,1
0.000000,14.000000,1,5,1.000000,1.000000,0.000000,0.000000,1.000000,1.000000,1,1
-1.000000,13.000000,1,5,1.000000,1.000000,0.000000,0.000000,1.000000,1.000000,1,1
-2.000000,14.000000,1,5,1.000000,1.000000,0.000000,0.000000,1.000000,1.000000,1,1
-3.000000,15.000000,1,5,1.000000,1.000000,0.000000,0.000000,1.000000,1.000000,1,1
-3.000000,16.000000,1,5,1.000000,1.000000,0.000000,0.000000,1.000000,1.000000,1,1
-3.000000,17.000000,1,5,1.000000,1.000000,0.000000,0.000000,1.000000,1.000000,1,1
-5.000000,-6.000000,2,3,1.000000,1.000000,0.000000,0.000000,1.000000,1.000000,0,1
-9.000000,-2.000000,2,3,1.000000,1.000000,0.000000,0.000000,1.000000,1.000000,0,1
3.000000,10.000000,2,3,1.000000,1.000000,0.000000,0.000000,1.000000,1.000000,0,1
4.000000,9.000000,2,3,1.000000,1.000000,0.000000,0.000000,1.000000,1.000000,0,1
-5.000000,-8.000000,2,3,1.000000,1.000000,0.000000,0.000000,1.000000,1.000000,0,1
9.000000,-4.000000,2,3,1.000000,1.000000,0.000000,0.000000,1.000000,1.000000,0,1
10.000000,-3.000000,2,3,1.000000,1.000000,0.000000,0.000000,1.000000,1.000000,0,1
-7.000000,7.000000,2,3,1.000000,1.000000,0.000000,0.000000,1.000000,1.000000,0,1
9.000000,-2.000000,2,3,1.000000,1.000000,0.000000,0.000000,1.000000,1.000000,0,1
-8.000000,-1.000000,2,3,1.000000,1.000000,0.000000,0.000000,1.000000,1.000000,0,1
-7.000000,5.000000,2,3,1.000000,1.000000,0.000000,0.000000,1.000000,1.000000,0,1
-19.000000,-1.000000,2,3,1.000000,1.000000,0.000000,0.000000,1.000000,1.000000,0,1
-18.000000,-1.000000,2,3,1.000000,1.000000,0.000000,0.000000,1.000000,1.000000,0,1
2.000000,9.000000,2,3,1.000000,1.000000,0.000000,0.000000,1.000000,1.000000,0,1
8.000000,5.000000,2,3,1.000000,1.000000,0.000000,0.000000,1.000000,1.000000,0,1
-23.000000,-1.000000,2,3,1.000000,1.000000,0.000000,0.000000,1.000000,1.000000,0,1
3.000000,8.000000,2,3,1.000000,1.000000,0.000000,0.000000,1.000000,1.000000,0,1
-19.000000,-6.000000,2,3,1.000000,1.000000,0.000000,0.000000,1.000000,1.000000,0,1
1.000000,-8.000000,2,3,1.000000,1.000000,0.000000,0.000000,1.000000,1.000000,0,1
-16.000000,-3.000000,2,3,1.000000,1.000000,0.000000,0.000000,1.000000,1.000000,0,1
-17.000000,-4.000000,2,3,1.000000,1.000000,0.000000,0.000000,1.000000,1.000000,0,1
9.000000,4.000000,2,3,1.000000,1.000000,0.000000,0.000000,1.000000,1.000000,0,1
7.000000,4.000000,2,3,1.000000,1.000000,0.000000,0.000000,1.000000,1.000000,0,1
-19.000000,-5.000000,2,3,1.000000,1.000000,0.000000,0.000000,1.000000,1.000000,0,1
-6.000000,6.000000,2,3,1.000000,1.000000,0.000000,0.000000,1.000000,1.000000,0,1
-23.000000,-5.000000,2,3,1.000000,1.000000,0.000000,0.000000,1.000000,1.000000,0,1
-23.000000,-8.000000,2,3,1.000000,1.000000,0.000000,0.000000,1.000000,1.000000,0,1
-4.000000,-7.000000,2,3,1.000000,1.000000,0.000000,0.000000,1.000000,1.000000,0,1
3.000000,-8.000000,2,3,1.000000,1.000000,0.000000,0.000000,1.000000,1.000000,0,1
-22.000000,-7.000000,2,3,1.000000,1.000000,0.000000,0.000000,1.000000,1.000000,0,1
-20.000000,-7.000000,2,3,1.000000,1.000000,0.000000,0.000000,1.000000,1.000000,0,1
-17.000000,-2.000000,2,3,1.000000,1.000000,0.000000,0.000000,1.000000,1.000000,0,1
-18.000000,-7.000000,2,3,1.000000,1.000000,0.000000,0.000000,1.000000,1.000000,0,1
-24.000000,-1.000000,2,3,1.000000,1.000000,0.000000,0.000000,1.000000,1.000000,0,1
-6.000000,-7.000000,2,3,1.000000,1.000000,0.000000,0.000000,1.000000,1.000000,0,1
-25.000000,-2.000000,2,3,1.000000,1.000000,0.000000,0.000000,1.000000,1.000000,0,1
-26.000000,-3.000000,2,3,1.000000,1.000000,0.000000,0.000000,1.000000,1.000000,0,1
-8.000000,6.000000,2,3,1.000000,1.000000,0.000000,0.000000,1.000000,1.000000,0,1
-25.000000,-4.000000,2,3,1.000000,1.000000,0.000000,0.000000,1.000000,1.000000,0,1
-24.000000,-5.000000,2,3,1.000000,1.000000,0.000000,0.000000,1.000000,1.000000,0,1
-7.000000,-2.000000,2,3,1.000000,1.000000,0.000000,0.000000,1.000000,1.000000,0,1
2.000000,-9.000000,2,3,1.000000,1.000000,0.000000,0.000000,1.000000,1.000000,0,1
8.000000,3.000000,2,3,1.000000,1.000000,0.000000,0.000000,1.000000,1.000000,0,1
-20.000000,-2.000000,2,3,1.000000,1.000000,0.000000,0.000000,1.000000,1.000000,0,1
-24.000000,-7.000000,2,3,1.000000,1.000000,0.000000,0.000000,1.000000,1.000000,0,1
-18.000000,-5.000000,2,3,1.000000,1.000000,0.000000,0.000000,1.000000,1.000000,0,1
-8.000000,-3.000000,2,3,1.000000,1.000000,0.000000,0.000000,1.000000,1.000000,0,1
20.000000,6.000000,2,3,1.000000,1.000000,0.000000,0.000000,1.000000,1.000000,0,1
20.000000,5.000000,2,3,1.000000,1.000000,0.000000,0.000000,1.000000,1.000000,0,1
20.000000,4.000000,2,3,1.000000,1.000000,0.000000,0.000000,1.000000,1.000000,0,1
19.000000,3.000000,2,3,1.000000,1.000000,0.000000,0.000000,1.000000,1.000000,0,1
18.000000,3.000000,2,3,1.000000,1.000000,0.000000,0.000000,1.000000,1.000000,0,1
17.000000,4.000000,2,3,1.000000,1.000000,0.000000,0.000000,1.000000,1.000000,0,1
-19.000000,-8.000000,2,3,1.000000,1.000000,0.000000,0.000000,1.000000,1.000000,0,1
-22.000000,-2.000000,2,3,1.000000,1.000000,0.000000,0.000000,1.000000,1.000000,0,1
2.000000,-7.000000,2,3,1.000000,1.000000,0.000000,0.000000,1.000000,1.000000,0,1
8.000000,-3.000000,2,3,1.000000,1.000000,0.000000,0.000000,1.000000,1.000000,0,1
17.000000,10.000000,2,3,1.000000,1.000000,0.000000,0.000000,1.000000,1.000000,0,1
18.000000,10.000000,2,3,1.000000,1.000000,0.000000,0.000000,1.000000,1.000000,0,1
19.000000,10.000000,2,3,1.000000,1.000000,0.000000,0.000000,1.000000,1.000000,0,1
20.000000,10.000000,2,3,1.000000,1.000000,0.000000,0.000000,1.000000,1.000000,0,1
21.000000,10.000000,2,3,1.000000,1.000000,0.000000,0.000000,1.000000,1.000000,0,1
-23.000000,-6.000000,2,3,1.000000,1.000000,0.000000,0.000000,1.000000,1.000000,0,1
22.000000,10.000000,2,3,1.000000,1.000000,0.000000,0.000000,1.000000,1.000000,0,1
23.000000,10.000000,2,3,1.000000,1.000000,0.000000,0.000000,1.000000,1.000000,0,1
20.000000,9.000000,2,3,1.000000,1.000000,0.000000,0.000000,1.000000,1.000000,0,1
20.000000,8.000000,2,3,1.000000,1.000000,0.000000,0.000000,1.000000,1.000000,0,1
20.000000,7.000000,2,3,1.000000,1.000000,0.000000,0.000000,1.000000,1.000000,0,1
2.000000,-8.000000,3,4,1.000000,1.000000,0.000000,0.000000,1.000000,1.000000,0,0
2.000000,-8.000000,3,4,1.000000,1.000000,0.000000,0.000000,1.000000,1.000000,0,0
2.000000,-8.000000,3,4,1.000000,1.000000,0.000000,0.000000,1.000000,1.000000,0,0
2.000000,-8.000000,3,4,1.000000,1.000000,0.000000,0.000000,1.000000,1.000000,0,0
2.000000,-8.000000,3,4,1.000000,1.000000,0.000000,0.000000,1.000000,1.000000,0,0
2.000000,-8.000000,3,4,1.000000,1.000000,0.000000,0.000000,1.000000,1.000000,0,0
2.000000,-8.000000,3,4,1.000000,1.000000,0.000000,0.000000,1.000000,1.000000,0,0
2.000000,-8.000000,3,4,1.000000,1.000000,0.000000,0.000000,1.000000,1.000000,0,0
2.000000,-8.000000,3,4,1.000000,1.000000,0.000000,0.000000,1.000000,1.000000,0,0
2.000000,-8.000000,3,4,1.000000,1.000000,0.000000,0.000000,1.000000,1.000000,0,0
-12.000000,2.000000,3,4,1.000000,1.000000,0.000000,0.000000,1.000000,1.000000,0,0
-12.000000,2.000000,3,4,1.000000,1.000000,0.000000,0.000000,1.000000,1.000000,0,0
-12.000000,2.000000,3,4,1.000000,1.000000,0.000000,0.000000,1.000000,1.000000,0,0
-12.000000,2.000000,3,4,1.000000,1.000000,0.000000,0.000000,1.000000,1.000000,0,0
-12.000000,2.000000,3,4,1.000000,1.000000,0.000000,0.000000,1.000000,1.000000,0,0
-12.000000,2.000000,3,4,1.000000,1.000000,0.000000,0.000000,1.000000,1.000000,0,0
-12.000000,2.000000,3,4,1.000000,1.000000,0.000000,0.000000,1.000000,1.000000,0,0
-12.000000,2.000000,3,4,1.000000,1.000000,0.000000,0.000000,1.000000,1.000000,0,0
-12.000000,2.000000,3,4,1.000000,1.000000,0.000000,0.000000,1.000000,1.000000,0,0
-12.000000,2.000000,3,4,1.000000,1.000000,0.000000,0.000000,1.000000,1.000000,0,0
-12.000000,2.000000,3,4,1.000000,1.000000,0.000000,0.000000,1.000000,1.000000,0,0
-12.000000,2.000000,3,4,1.000000,1.000000,0.000000,0.000000,1.000000,1.000000,0,0
-2.000000,10.000000,3,4,1.000000,1.000000,0.000000,0.000000,1.000000,1.000000,0,0
-2.000000,10.000000,3,4,1.000000,1.000000,0.000000,0.000000,1.000000,1.000000,0,0
-2.000000,10.000000,3,4,1.000000,1.000000,0.000000,0.000000,1.000000,1.000000,0,0
9.000000,-3.000000,3,4,1.000000,1.000000,0.000000,0.000000,1.000000,1.000000,0,0
9.000000,-3.000000,3,4,1.000000,1.000000,0.000000,0.000000,1.000000,1.000000,0,0
3.000000,9.000000,3,4,1.000000,1.000000,0.000000,0.000000,1.000000,1.000000,0,0
19.000000,-5.000000,3,4,1.000000,1.000000,0.000000,0.000000,1.000000,1.000000,0,0
9.000000,-3.000000,3,4,1.000000,1.000000,0.000000,0.000000,1.000000,1.000000,0,0
9.000000,-3.000000,3,4,1.000000,1.000000,0.000000,0.000000,1.000000,1.000000,0,0
8.000000,4.000000,3,4,1.000000,1.000000,0.000000,0.000000,1.000000,1.000000,0,0
8.000000,4.000000,3,4,1.000000,1.000000,0.000000,0.000000,1.000000,1.000000,0,0
8.000000,4.000000,3,4,1.000000,1.000000,0.000000,0.000000,1.000000,1.000000,0,0
9.000000,-3.000000,3,4,1.000000,1.000000,0.000000,0.000000,1.000000,1.000000,0,0
10.000000,9.000000,3,4,1.000000,1.000000,0.000000,0.000000,1.000000,1.000000,0,0
10.000000,9.000000,3,4,1.000000,1.000000,0.000000,0.000000,1.000000,1.000000,0,0
10.000000,9.000000,3,4,1.000000,1.000000,0.000000,0.000000,1.000000,1.000000,0,0
-8.000000,-2.000000,3,4,1.000000,1.000000,0.000000,0.000000,1.000000,1.000000,0,0
-8.000000,-2.000000,3,4,1.000000,1.000000,0.000000,0.000000,1.000000,1.000000,0,0
14.000000,-3.000000,3,4,1.000000,1.000000,0.000000,0.000000,1.000000,1.000000,0,0
13.000000,-4.000000,3,4,1.000000,1.000000,0.000000,0.000000,1.000000,1.000000,0,0
15.000000,-7.000000,3,4,1.000000,1.000000,0.000000,0.000000,1.000000,1.000000,0,0
-8.000000,-2.000000,3,4,1.000000,1.000000,0.000000,0.000000,1.000000,1.000000,0,0
-8.000000,-2.000000,3,4,1.000000,1.000000,0.000000,0.000000,1.000000,1.000000,0,0
-8.000000,-2.000000,3,4,1.000000,1.000000,0.000000,0.000000,1.000000,1.000000,0,0
-8.000000,-2.000000,3,4,1.000000,1.000000,0.000000,0.000000,1.000000,1.000000,0,0
10.000000,9.000000,3,4,1.000000,1.000000,0.000000,0.000000,1.000000,1.000000,0,0
10.000000,9.000000,3,4,1.000000,1.000000,0.000000,0.000000,1.000000,1.000000,0,0
10.000000,9.000000,3,4,1.000000,1.000000,0.000000,0.000000,1.000000,1.000000,0,0
13.000000,1.000000,3,4,1.000000,1.000000,0.000000,0.000000,1.000000,1.000000,0,0
13.000000,1.000000,3,4,1.000000,1.000000,0.000000,0.000000,1.000000,1.000000,0,0
13.000000,1.000000,3,4,1.000000,1.000000,0.000000,0.000000,1.000000,1.000000,0,0
13.000000,1.000000,3,4,1.000000,1.000000,0.000000,0.000000,1.000000,1.000000,0,0
13.000000,1.000000,3,4,1.000000,1.000000,0.000000,0.000000,1.000000,1.000000,0,0
13.000000,1.000000,3,4,1.000000,1.000000,0.000000,0.000000,1.000000,1.000000,0,0
13.000000,1.000000,3,4,1.000000,1.000000,0.000000,0.000000,1.000000,1.000000,0,0
-2.000000,10.000000,3,4,1.000000,1.000000,0.000000,0.000000,1.000000,1.000000,0,0
9.000000,-3.000000,3,4,1.000000,1.000000,0.000000,0.000000,1.000000,1.000000,0,0
8.000000,4.000000,3,4,1.000000,1.000000,0.000000,0.000000,1.000000,1.000000,0,0
-5.000000,-7.000000,3,4,1.000000,1.000000,0.000000,0.000000,1.000000,1.000000,0,0
9.000000,-3.000000,3,4,1.000000,1.000000,0.000000,0.000000,1.000000,1.000000,0,0
-2.000000,10.000000,3,4,1.000000,1.000000,0.000000,0.000000,1.000000,1.000000,0,0
-2.000000,10.000000,3,4,1.000000,1.000000,0.000000,0.000000,1.000000,1.000000,0,0
8.000000,4.000000,3,4,1.000000,1.000000,0.000000,0.000000,1.000000,1.000000,0,0
8.000000,4.000000,3,4,1.000000,1.000000,0.000000,0.000000,1.000000,1.000000,0,0
10.000000,9.000000,3,4,1.000000,1.000000,0.000000,0.000000,1.000000,1.000000,0,0
-11.000000,-7.000000,3,4,1.000000,1.000000,0.000000,0.000000,1.000000,1.000000,0,0
-11.000000,-7.000000,3,4,1.000000,1.000000,0.000000,0.000000,1.000000,1.000000,0,0
-11.000000,-7.000000,3,4,1.000000,1.000000,0.000000,0.000000,1.000000,1.000000,0,0
-11.000000,-7.000000,3,4,1.000000,1.000000,0.000000,0.000000,1.000000,1.000000,0,0
-11.000000,-7.000000,3,4,1.000000,1.000000,0.000000,0.000000,1.000000,1.000000,0,0
-11.000000,-7.000000,3,4,1.000000,1.000000,0.000000,0.000000,1.000000,1.000000,0,0
10.000000,9.000000,3,4,1.000000,1.000000,0.000000,0.000000,1.000000,1.000000,0,0
10.000000,9.000000,3,4,1.000000,1.000000,0.000000,0.000000,1.000000,1.000000,0,0
10.000000,9.000000,3,4,1.000000,1.000000,0.000000,0.000000,1.000000,1.000000,0,0
10.000000,9.000000,3,4,1.000000,1.000000,0.000000,0.000000,1.000000,1.000000,0,0
10.000000,9.000000,3,4,1.000000,1.000000,0.000000,0.000000,1.000000,1.000000,0,0
10.000000,9.000000,3,4,1.000000,1.000000,0.000000,0.000000,1.000000,1.000000,0,0
-8.000000,-2.000000,3,4,1.000000,1.000000,0.000000,0.000000,1.000000,1.000000,0,0
13.000000,1.000000,3,4,1.000000,1.000000,0.000000,0.000000,1.000000,1.000000,0,0
-2.000000,10.000000,3,4,1.000000,1.000000,0.000000,0.000000,1.000000,1.000000,0,0
13.000000,1.000000,3,4,1.000000,1.000000,0.000000,0.000000,1.000000,1.000000,0,0
13.000000,1.000000,3,4,1.000000,1.000000,0.000000,0.000000,1.000000,1.000000,0,0
13.000000,1.000000,3,4,1.000000,1.000000,0.000000,0.000000,1.000000,1.000000,0,0
13.000000,1.000000,3,4,1.000000,1.000000,0.000000,0.000000,1.000000,1.000000,0,0
10.000000,9.000000,3,4,1.000000,1.000000,0.000000,0.000000,1.000000,1.000000,0,0
13.000000,1.000000,3,4,1.000000,1.000000,0.000000,0.000000,1.000000,1.000000,0,0
-2.000000,10.000000,3,4,1.000000,1.000000,0.000000,0.000000,1.000000,1.000000,0,0
8.000000,4.000000,3,4,1.000000,1.000000,0.000000,0.000000,1.000000,1.000000,0,0
8.000000,4.000000,3,4,1.000000,1.000000,0.000000,0.000000,1.000000,1.000000,0,0
8.000000,4.000000,3,4,1.000000,1.000000,0.000000,0.000000,1.000000,1.000000,0,0
19.000000,-5.000000,3,4,1.000000,1.000000,0.000000,0.000000,1.000000,1.000000,0,0
-2.000000,-12.000000,3,4,1.000000,1.000000,0.000000,0.000000,1.000000,1.000000,0,0
19.000000,-5.000000,3,4,1.000000,1.000000,0.000000,0.000000,1.000000,1.000000,0,0
3.000000,9.000000,3,4,1.000000,1.000000,0.000000,0.000000,1.000000,1.000000,0,0
-21.000000,-5.000000,3,4,1.000000,1.000000,0.000000,0.000000,1.000000,1.000000,0,0
15.000000,-2.000000,3,4,1.000000,1.000000,0.000000,0.000000,1.000000,1.000000,0,0
-2.000000,10.000000,3,4,1.000000,1.000000,0.000000,0.000000,1.000000,1.000000,0,0
-2.000000,10.000000,3,4,1.000000,1.000000,0.000000,0.000000,1.000000,1.000000,0,0
-2.000000,10.000000,3,4,1.000000,1.000000,0.000000,0.000000,1.000000,1.000000,0,0
9.000000,-9.000000,3,4,1.000000,1.000000,0.000000,0.000000,1.000000,1.000000,0,0
9.000000,-9.000000,3,4,1.000000,1.000000,0.000000,0.000000,1.000000,1.000000,0,0
9.000000,-9.000000,3,4,1.000000,1.000000,0.000000,0.000000,1.000000,1.000000,0,0
9.000000,-9.000000,3,4,1.000000,1.000000,0.000000,0.000000,1.000000,1.000000,0,0
9.000000,-9.000000,3,4,1.000000,1.000000,0.000000,0.000000,1.000000,1.000000,0,0
9.000000,-9.000000,3,4,1.000000,1.000000,0.000000,0.000000,1.000000,1.000000,0,0
9.000000,-9.000000,3,4,1.000000,1.000000,0.000000,0.000000,1.000000,1.000000,0,0
9.000000,-9.000000,3,4,1.000000,1.000000,0.000000,0.000000,1.000000,1.000000,0,0
9.000000,-9.000000,3,4,1.000000,1.000000,0.000000,0.000000,1.000000,1.000000,0,0
-11.000000,-7.000000,3,4,1.000000,1.000000,0.000000,0.000000,1.000000,1.000000,0,0
-11.000000,-7.000000,3,4,1.000000,1.000000,0.000000,0.000000,1.000000,1.000000,0,0
-11.000000,-7.000000,3,4,1.000000,1.000000,0.000000,0.000000,1.000000,1.000000,0,0
-11.000000,-7.000000,3,4,1.000000,1.000000,0.000000,0.000000,1.000000,1.000000,0,0
-11.000000,-7.000000,3,4,1.000000,1.000000,0.000000,0.000000,1.000000,1.000000,0,0
-11.000000,-7.000000,3,4,1.000000,1.000000,0.000000,0.000000,1.000000,1.000000,0,0
-2.000000,-12.000000,3,4,1.000000,1.000000,0.000000,0.000000,1.000000,1.000000,0,0
10.000000,9.000000,3,4,1.000000,1.000000,0.000000,0.000000,1.000000,1.000000,0,0
19.000000,-8.000000,3,4,1.000000,1.000000,0.000000,0.000000,1.000000,1.000000,0,0
-2.000000,-12.000000,3,4,1.000000,1.000000,0.000000,0.000000,1.000000,1.000000,0,0
-8.000000,-2.000000,3,4,1.000000,1.000000,0.000000,0.000000,1.000000,1.000000,0,0
-8.000000,-2.000000,3,4,1.000000,1.000000,0.000000,0.000000,1.000000,1.000000,0,0
8.000000,4.000000,3,4,1.000000,1.000000,0.000000,0.000000,1.000000,1.000000,0,0
8.000000,4.000000,3,4,1.000000,1.000000,0.000000,0.000000,1.000000,1.000000,0,0
8.000000,4.000000,3,4,1.000000,1.000000,0.000000,0.000000,1.000000,1.000000,0,0
8.000000,4.000000,3,4,1.000000,1.000000,0.000000,0.000000,1.000000,1.000000,0,0
-8.000000,-2.000000,3,4,1.000000,1.000000,0.000000,0.000000,1.000000,1.000000,0,0
-7.000000,6.000000,3,4,1.000000,1.000000,0.000000,0.000000,1.000000,1.000000,0,0
-7.000000,6.000000,3,4,1.000000,1.000000,0.000000,0.000000,1.000000,1.000000,0,0
14.000000,-5.000000,3,4,1.000000,1.000000,0.000000,0.000000,1.000000,1.000000,0,0
14.000000,-5.000000,3,4,1.000000,1.000000,0.000000,0.000000,1.000000,1.000000,0,0
-8.000000,-2.000000,3,4,1.000000,1.000000,0.000000,0.000000,1.000000,1.000000,0,0
-7.000000,6.000000,3,4,1.000000,1.000000,0.000000,0.000000,1.000000,1.000000,0,0
9.000000,-3.000000,3,4,1.000000,1.000000,0.000000,0.000000,1.000000,1.000000,0,0
9.000000,-3.000000,3,4,1.000000,1.000000,0.000000,0.000000,1.000000,1.000000,0,0
9.000000,-3.000000,3,4,1.000000,1.000000,0.000000,0.000000,1.000000,1.000000,0,0
9.000000,-3.000000,3,4,1.000000,1.000000,0.000000,0.000000,1.000000,1.000000,0,0
9.000000,-3.000000,3,4,1.000000,1.000000,0.000000,0.000000,1.000000,1.000000,0,0
-7.000000,6.000000,3,4,1.000000,1.000000,0.000000,0.000000,1.000000,1.000000,0,0
-7.000000,6.000000,3,4,1.000000,1.000000,0.000000,0.000000,1.000000,1.000000,0,0
-7.000000,6.000000,3,4,1.000000,1.000000,0.000000,0.000000,1.000000,1.000000,0,0
15.000000,-4.000000,3,4,1.000000,1.000000,0.000000,0.000000,1.000000,1.000000,0,0
16.000000,-3.000000,3,4,1.000000,1.000000,0.000000,0.000000,1.000000,1.000000,0,0
16.000000,-3.000000,3,4,1.000000,1.000000,0.000000,0.000000,1.000000,1.000000,0,0
16.000000,-3.000000,3,4,1.000000,1.000000,0.000000,0.000000,1.000000,1.000000,0,0
16.000000,-3.000000,3,4,1.000000,1.000000,0.000000,0.000000,1.000000,1.000000,0,0
16.000000,-3.000000,3,4,1.000000,1.000000,0.000000,0.000000,1.000000,1.000000,0,0
16.000000,-3.000000,3,4,1.000000,1.000000,0.000000,0.000000,1.000000,1.000000,0,0
17.000000,-3.000000,3,4,1.000000,1.000000,0.000000,0.000000,1.000000,1.000000,0,0
17.000000,-3.000000,3,4,1.000000,1.000000,0.000000,0.000000,1.000000,1.000000,0,0
17.000000,-3.000000,3,4,1.000000,1.000000,0.000000,0.000000,1.000000,1.000000,0,0
17.000000,-3.000000,3,4,1.000000,1.000000,0.000000,0.000000,1.000000,1.000000,0,0
17.000000,-3.000000,3,4,1.000000,1.000000,0.000000,0.000000,1.000000,1.000000,0,0
18.000000,-4.000000,3,4,1.000000,1.000000,0.000000,0.000000,1.000000,1.000000,0,0
18.000000,-4.000000,3,4,1.000000,1.000000,0.000000,0.000000,1.000000,1.000000,0,0
18.000000,-4.000000,3,4,1.000000,1.000000,0.000000,0.000000,1.000000,1.000000,0,0
18.000000,-4.000000,3,4,1.000000,1.000000,0.000000,0.000000,1.000000,1.000000,0,0
-2.000000,-12.000000,3,4,1.000000,1.000000,0.000000,0.000000,1.000000,1.000000,0,0
-2.000000,-12.000000,3,4,1.000000,1.000000,0.000000,0.000000,1.000000,1.000000,0,0
-2.000000,-12.000000,3,4,1.000000,1.000000,0.000000,0.000000,1.000000,1.000000,0,0
-8.000000,-2.000000,3,4,1.000000,1.000000,0.000000,0.000000,1.000000,1.000000,0,0
-8.000000,-2.000000,3,4,1.000000,1.000000,0.000000,0.000000,1.000000,1.000000,0,0
-2.000000,-12.000000,3,4,1.000000,1.000000,0.000000,0.000000,1.000000,1.000000,0,0
-2.000000,-12.000000,3,4,1.000000,1.000000,0.000000,0.000000,1.000000,1.000000,0,0
-2.000000,-12.000000,3,4,1.000000,1.000000,0.000000,0.000000,1.000000,1.000000,0,0
-2.000000,-12.000000,3,4,1.000000,1.000000,0.000000,0.000000,1.000000,1.000000,0,0
-2.000000,-12.000000,3,4,1.000000,1.000000,0.000000,0.000000,1.000000,1.000000,0,0
14.000000,-5.000000,3,4,1.000000,1.000000,0.000000,0.000000,1.000000,1.000000,0,0
15.000000,-2.000000,3,4,1.000000,1.000000,0.000000,0.000000,1.000000,1.000000,0,0
15.000000,-2.000000,3,4,1.000000,1.000000,0.000000,0.000000,1.000000,1.000000,0,0
14.000000,-5.000000,3,4,1.000000,1.000000,0.000000,0.000000,1.000000,1.000000,0,0
9.000000,-3.000000,3,4,1.000000,1.000000,0.000000,0.000000,1.000000,1.000000,0,0
14.000000,-5.000000,3,4,1.000000,1.000000,0.000000,0.000000,1.000000,1.000000,0,0
-7.000000,6.000000,3,4,1.000000,1.000000,0.000000,0.000000,1.000000,1.000000,0,0
14.000000,-6.000000,3,4,1.000000,1.000000,0.000000,0.000000,1.000000,1.000000,0,0
14.000000,-5.000000,3,4,1.000000,1.000000,0.000000,0.000000,1.000000,1.000000,0,0
14.000000,-5.000000,3,4,1.000000,1.000000,0.000000,0.000000,1.000000,1.000000,0,0
14.000000,-5.000000,3,4,1.000000,1.000000,0.000000,0.000000,1.000000,1.000000,0,0
15.000000,-4.000000,3,4,1.000000,1.000000,0.000000,0.000000,1.000000,1.000000,0,0
15.000000,-4.000000,3,4,1.000000,1.000000,0.000000,0.000000,1.000000,1.000000,0,0
15.000000,-4.000000,3,4,1.000000,1.000000,0.000000,0.000000,1.000000,1.000000,0,0
15.000000,-4.000000,3,4,1.000000,1.000000,0.000000,0.000000,1.000000,1.000000,0,0
18.000000,-7.000000,3,4,1.000000,1.000000,0.000000,0.000000,1.000000,1.000000,0,0
15.000000,-7.000000,3,4,1.000000,1.000000,0.000000,0.000000,1.000000,1.000000,0,0
15.000000,-7.000000,3,4,1.000000,1.000000,0.000000,0.000000,1.000000,1.000000,0,0
15.000000,-7.000000,3,4,1.000000,1.000000,0.000000,0.000000,1.000000,1.000000,0,0
13.000000,1.000000,3,4,1.000000,1.000000,0.000000,0.000000,1.000000,1.000000,0,0
19.000000,-8.000000,3,4,1.000000,1.000000,0.000000,0.000000,1.000000,1.000000,0,0
19.000000,-8.000000,3,4,1.000000,1.000000,0.000000,0.000000,1.000000,1.000000,0,0
19.000000,-8.000000,3,4,1.000000,1.000000,0.000000,0.000000,1.000000,1.000000,0,0
-2.000000,-12.000000,3,4,1.000000,1.000000,0.000000,0.000000,1.000000,1.000000,0,0
-8.000000,-2.000000,3,4,1.000000,1.000000,0.000000,0.000000,1.000000,1.000000,0,0
-5.000000,-7.000000,3,4,1.000000,1.000000,0.000000,0.000000,1.000000,1.000000,0,0
-5.000000,-7.000000,3,4,1.000000,1.000000,0.000000,0.000000,1.000000,1.000000,0,0
19.000000,-8.000000,3,4,1.000000,1.000000,0.000000,0.000000,1.000000,1.000000,0,0
16.000000,-8.000000,3,4,1.000000,1.000000,0.000000,0.000000,1.000000,1.000000,0,0
16.000000,-8.000000,3,4,1.000000,1.000000,0.000000,0.000000,1.000000,1.000000,0,0
8.000000,4.000000,3,4,1.000000,1.000000,0.000000,0.000000,1.000000,1.000000,0,0
-8.000000,-2.000000,3,4,1.000000,1.000000,0.000000,0.000000,1.000000,1.000000,0,0
8.000000,4.000000,3,4,1.000000,1.000000,0.000000,0.000000,1.000000,1.000000,0,0
20.000000,-7.000000,3,4,1.000000,1.000000,0.000000,0.000000,1.000000,1.000000,0,0
18.000000,-7.000000,3,4,1.000000,1.000000,0.000000,0.000000,1.000000,1.000000,0,0
18.000000,-7.000000,3,4,1.000000,1.000000,0.000000,0.000000,1.000000,1.000000,0,0
18.000000,-7.000000,3,4,1.000000,1.000000,0.000000,0.000000,1.000000,1.000000,0,0
18.000000,-7.000000,3,4,1.000000,1.000000,0.000000,0.000000,1.000000,1.000000,0,0
18.000000,-7.000000,3,4,1.000000,1.000000,0.000000,0.000000,1.000000,1.000000,0,0
-7.000000,6.000000,3,4,1.000000,1.000000,0.000000,0.000000,1.000000,1.000000,0,0
-7.000000,6.000000,3,4,1.000000,1.000000,0.000000,0.000000,1.000000,1.000000,0,0
-7.000000,6.000000,3,4,1.000000,1.000000,0.000000,0.000000,1.000000,1.000000,0,0
-7.000000,6.000000,3,4,1.000000,1.000000,0.000000,0.000000,1.000000,1.000000,0,0
-7.000000,6.000000,3,4,1.000000,1.000000,0.000000,0.000000,1.000000,1.000000,0,0
-7.000000,6.000000,3,4,1.000000,1.000000,0.000000,0.000000,1.000000,1.000000,0,0
-7.000000,6.000000,3,4,1.000000,1.000000,0.000000,0.000000,1.000000,1.000000,0,0
21.000000,-4.000000,3,4,1.000000,1.000000,0.000000,0.000000,1.000000,1.000000,0,0
21.000000,-4.000000,3,4,1.000000,1.000000,0.000000,0.000000,1.000000,1.000000,0,0
16.000000,-3.000000,3,4,1.000000,1.000000,0.000000,0.000000,1.000000,1.000000,0,0
16.000000,-3.000000,3,4,1.000000,1.000000,0.000000,0.000000,1.000000,1.000000,0,0
19.000000,-7.000000,3,4,1.000000,1.000000,0.000000,0.000000,1.000000,1.000000,0,0
19.000000,-7.000000,3,4,1.000000,1.000000,0.000000,0.000000,1.000000,1.000000,0,0
2.000000,-8.000000,3,4,1.000000,1.000000,0.000000,0.000000,1.000000,1.000000,0,0
2.000000,-8.000000,3,4,1.000000,1.000000,0.000000,0.000000,1.000000,1.000000,0,0
19.000000,-7.000000,3,4,1.000000,1.000000,0.000000,0.000000,1.000000,1.000000,0,0
-7.000000,6.000000,3,4,1.000000,1.000000,0.000000,0.000000,1.000000,1.000000,0,0
-7.000000,6.000000,3,4,1.000000,1.000000,0.000000,0.000000,1.000000,1.000000,0,0
17.000000,-3.000000,3,4,1.000000,1.000000,0.000000,0.000000,1.000000,1.000000,0,0
17.000000,-3.000000,3,4,1.000000,1.000000,0.000000,0.000000,1.000000,1.000000,0,0
20.000000,-6.000000,3,4,1.000000,1.000000,0.000000,0.000000,1.000000,1.000000,0,0
20.000000,-6.000000,3,4,1.000000,1.000000,0.000000,0.000000,1.000000,1.000000,0,0
20.000000,-6.000000,3,4,1.000000,1.000000,0.000000,0.000000,1.000000,1.000000,0,0
-12.000000,2.000000,3,4,1.000000,1.000000,0.000000,0.000000,1.000000,1.000000,0,0
-12.000000,2.000000,3,4,1.000000,1.000000,0.000000,0.000000,1.000000,1.000000,0,0
18.000000,-4.000000,3,4,1.000000,1.000000,0.000000,0.000000,1.000000,1.000000,0,0
18.000000,-4.000000,3,4,1.000000,1.000000,0.000000,0.000000,1.000000,1.000000,0,0
3.000000,9.000000,3,4,1.000000,1.000000,0.000000,0.000000,1.000000,1.000000,0,0
18.000000,-4.000000,3,4,1.000000,1.000000,0.000000,0.000000,1.000000,1.000000,0,0
18.000000,-4.000000,3,4,1.000000,1.000000,0.000000,0.000000,1.000000,1.000000,0,0
19.000000,-5.000000,3,4,1.000000,1.000000,0.000000,0.000000,1.000000,1.000000,0,0
-21.000000,-6.000000,3,4,1.000000,1.000000,0.000000,0.000000,1.000000,1.000000,0,0
-21.000000,-6.000000,3,4,1.000000,1.000000,0.000000,0.000000,1.000000,1.000000,0,0
-21.000000,-5.000000,3,4,1.000000,1.000000,0.000000,0.000000,1.000000,1.000000,0,0
9.000000,-3.000000,3,4,1.000000,1.000000,0.000000,0.000000,1.000000,1.000000,0,0
9.000000,-3.000000,3,4,1.000000,1.000000,0.000000,0.000000,1.000000,1.000000,0,0
15.000000,-2.000000,3,4,1.000000,1.000000,0.000000,0.000000,1.000000,1.000000,0,0
16.000000,-1.000000,3,4,1.000000,1.000000,0.000000,0.000000,1.000000,1.000000,0,0
16.000000,-1.000000,3,4,1.000000,1.000000,0.000000,0.000000,1.000000,1.000000,0,0
9.000000,-9.000000,3,4,1.000000,1.000000,0.000000,0.000000,1.000000,1.000000,0,0
9.000000,-9.000000,3,4,1.000000,1.000000,0.000000,0.000000,1.000000,1.000000,0,0
-7.000000,6.000000,3,4,1.000000,1.000000,0.000000,0.000000,1.000000,1.000000,0,0
14.000000,-6.000000,3,4,1.000000,1.000000,0.000000,0.000000,1.000000,1.000000,0,0
10.000000,9.000000,3,4,1.000000,1.000000,0.000000,0.000000,1.000000,1.000000,0,0
16.000000,-1.000000,3,4,1.000000,1.000000,0.000000,0.000000,1.000000,1.000000,0,0
14.000000,-3.000000,3,4,1.000000,1.000000,0.000000,0.000000,1.000000,1.000000,0,0
14.000000,-3.000000,3,4,1.000000,1.000000,0.000000,0.000000,1.000000,1.000000,0,0
13.000000,-5.000000,3,4,1.000000,1.000000,0.000000,0.000000,1.000000,1.000000,0,0
9.000000,-9.000000,3,4,1.000000,1.000000,0.000000,0.000000,1.000000,1.000000,0,0
9.000000,-9.000000,3,4,1.000000,1.000000,0.000000,0.000000,1.000000,1.000000,0,0
15.000000,-4.000000,3,4,1.000000,1.000000,0.000000,0.000000,1.000000,1.000000,0,0
15.000000,-4.000000,3,4,1.000000,1.000000,0.000000,0.000000,1.000000,1.000000,0,0
-8.000000,-2.000000,3,4,1.000000,1.000000,0.000000,0.000000,1.000000,1.000000,0,0
14.000000,-6.000000,3,4,1.000000,1.000000,0.000000,0.000000,1.000000,1.000000,0,0
9.000000,-3.000000,3,4,1.000000,1.000000,0.000000,0.000000,1.000000,1.000000,0,0
14.000000,-6.000000,3,4,1.000000,1.000000,0.000000,0.000000,1.000000,1.000000,0,0
3.000000,9.000000,3,4,1.000000,1.000000,0.000000,0.000000,1.000000,1.000000,0,0
3.000000,9.000000,3,4,1.000000,1.000000,0.000000,0.000000,1.000000,1.000000,0,0
3.000000,9.000000,3,4,1.000000,1.000000,0.000000,0.000000,1.000000,1.000000,0,0
3.000000,9.000000,3,4,1.000000,1.000000,0.000000,0.000000,1.000000,1.000000,0,0
3.000000,9.000000,3,4,1.000000,1.000000,0.000000,0.000000,1.000000,1.000000,0,0
3.000000,9.000000,3,4,1.000000,1.000000,0.000000,0.000000,1.000000,1.000000,0,0
3.000000,9.000000,3,4,1.000000,1.000000,0.000000,0.000000,1.000000,1.000000,0,0
3.000000,9.000000,3,4,1.000000,1.000000,0.000000,0.000000,1.000000,1.000000,0,0
3.000000,9.000000,3,4,1.000000,1.000000,0.000000,0.000000,1.000000,1.000000,0,0
19.000000,-5.000000,3,4,1.000000,1.000000,0.000000,0.000000,1.000000,1.000000,0,0
19.000000,-5.000000,3,4,1.000000,1.000000,0.000000,0.000000,1.000000,1.000000,0,0
14.000000,-6.000000,3,4,1.000000,1.000000,0.000000,0.000000,1.000000,1.000000,0,0
14.000000,-6.000000,3,4,1.000000,1.000000,0.000000,0.000000,1.000000,1.000000,0,0
14.000000,-5.000000,3,4,1.000000,1.000000,0.000000,0.000000,1.000000,1.000000,0,0
14.000000,-6.000000,3,4,1.000000,1.000000,0.000000,0.000000,1.000000,1.000000,0,0
14.000000,-6.000000,3,4,1.000000,1.000000,0.000000,0.000000,1.000000,1.000000,0,0
14.000000,-6.000000,3,4,1.000000,1.000000,0.000000,0.000000,1.000000,1.000000,0,0
14.000000,-5.000000,3,4,1.000000,1.000000,0.000000,0.000000,1.000000,1.000000,0,0
3.000000,9.000000,3,4,1.000000,1.000000,0.000000,0.000000,1.000000,1.000000,0,0
3.000000,9.000000,3,4,1.000000,1.000000,0.000000,0.000000,1.000000,1.000000,0,0
3.000000,9.000000,3,4,1.000000,1.000000,0.000000,0.000000,1.000000,1.000000,0,0
3.000000,9.000000,3,4,1.000000,1.000000,0.000000,0.000000,1.000000,1.000000,0,0
19.000000,-2.000000,3,4,1.000000,1.000000,0.000000,0.000000,1.000000,1.000000,0,0
3.000000,9.000000,3,4,1.000000,1.000000,0.000000,0.000000,1.000000,1.000000,0,0
-5.000000,-7.000000,3,4,1.000000,1.000000,0.000000,0.000000,1.000000,1.000000,0,0
-5.000000,-7.000000,3,4,1.000000,1.000000,0.000000,0.000000,1.000000,1.000000,0,0
-5.000000,-7.000000,3,4,1.000000,1.000000,0.000000,0.000000,1.000000,1.000000,0,0
-5.000000,-7.000000,3,4,1.000000,1.000000,0.000000,0.000000,1.000000,1.000000,0,0
-5.000000,-7.000000,3,4,1.000000,1.000000,0.000000,0.000000,1.000000,1.000000,0,0
-5.000000,-7.000000,3,4,1.000000,1.000000,0.000000,0.000000,1.000000,1.000000,0,0
-5.000000,-7.000000,3,4,1.000000,1.000000,0.000000,0.000000,1.000000,1.000000,0,0
-5.000000,-7.000000,3,4,1.000000,1.000000,0.000000,0.000000,1.000000,1.000000,0,0
-5.000000,-7.000000,3,4,1.000000,1.000000,0.000000,0.000000,1.000000,1.000000,0,0
-5.000000,-7.000000,3,4,1.000000,1.000000,0.000000,0.000000,1.000000,1.000000,0,0
17.000000,-1.000000,3,4,1.000000,1.000000,0.000000,0.000000,1.000000,1.000000,0,0
-5.000000,-7.000000,3,4,1.000000,1.000000,0.000000,0.000000,1.000000,1.000000,0,0
-5.000000,-7.000000,3,4,1.000000,1.000000,0.000000,0.000000,1.000000,1.000000,0,0
2.000000,-8.000000,3,4,1.000000,1.000000,0.000000,0.000000,1.000000,1.000000,0,0
2.000000,-8.000000,3,4,1.000000,1.000000,0.000000,0.000000,1.000000,1.000000,0,0
2.000000,-8.000000,3,4,1.000000,1.000000,0.000000,0.000000,1.000000,1.000000,0,0
17.000000,-1.000000,3,4,1.000000,1.000000,0.000000,0.000000,1.000000,1.000000,0,0
15.000000,-2.000000,3,4,1.000000,1.000000,0.000000,0.000000,1.000000,1.000000,0,0
-21.000000,-6.000000,3,4,1.000000,1.000000,0.000000,0.000000,1.000000,1.000000,0,0
-21.000000,-6.000000,3,4,1.000000,1.000000,0.000000,0.000000,1.000000,1.000000,0,0
3.000000,9.000000,3,4,1.000000,1.000000,0.000000,0.000000,1.000000,1.000000,0,0
-21.000000,-5.000000,3,4,1.000000,1.000000,0.000000,0.000000,1.000000,1.000000,0,0
-21.000000,-4.000000,3,4,1.000000,1.000000,0.000000,0.000000,1.000000,1.000000,0,0
15.000000,-2.000000,3,4,1.000000,1.000000,0.000000,0.000000,1.000000,1.000000,0,0
-21.000000,-4.000000,3,4,1.000000,1.000000,0.000000,0.000000,1.000000,1.000000,0,0
-21.000000,-4.000000,3,4,1.000000,1.000000,0.000000,0.000000,1.000000,1.000000,0,0
-21.000000,-4.000000,3,4,1.000000,1.000000,0.000000,0.000000,1.000000,1.000000,0,0
-21.000000,-3.000000,3,4,1.000000,1.000000,0.000000,0.000000,1.000000,1.000000,0,0
16.000000,-1.000000,3,4,1.000000,1.000000,0.000000,0.000000,1.000000,1.000000,0,0
-21.000000,-3.000000,3,4,1.000000,1.000000,0.000000,0.000000,1.000000,1.000000,0,0
-21.000000,-3.000000,3,4,1.000000,1.000000,0.000000,0.000000,1.000000,1.000000,0,0
-21.000000,-3.000000,3,4,1.000000,1.000000,0.000000,0.000000,1.000000,1.000000,0,0
13.000000,-4.000000,3,4,1.000000,1.000000,0.000000,0.000000,1.000000,1.000000,0,0
13.000000,-4.000000,3,4,1.000000,1.000000,0.000000,0.000000,1.000000,1.000000,0,0
13.000000,-4.000000,3,4,1.000000,1.000000,0.000000,0.000000,1.000000,1.000000,0,0
13.000000,-4.000000,3,4,1.000000,1.000000,0.000000,0.000000,1.000000,1.000000,0,0
10.000000,9.000000,3,4,1.000000,1.000000,0.000000,0.000000,1.000000,1.000000,0,0
13.000000,-5.000000,3,4,1.000000,1.000000,0.000000,0.000000,1.000000,1.000000,0,0
13.000000,-5.000000,3,4,1.000000,1.000000,0.000000,0.000000,1.000000,1.000000,0,0
15.000000,-7.000000,3,4,1.000000,1.000000,0.000000,0.000000,1.000000,1.000000,0,0
16.000000,-9.000000,3,4,1.000000,1.000000,0.000000,0.000000,1.000000,1.000000,0,0
16.000000,-9.000000,3,4,1.000000,1.000000,0.000000,0.000000,1.000000,1.000000,0,0
13.000000,-6.000000,3,4,1.000000,1.000000,0.000000,0.000000,1.000000,1.000000,0,0
13.000000,-6.000000,3,4,1.000000,1.000000,0.000000,0.000000,1.000000,1.000000,0,0
13.000000,-6.000000,3,4,1.000000,1.000000,0.000000,0.000000,1.000000,1.000000,0,0
15.000000,-7.000000,3,4,1.000000,1.000000,0.000000,0.000000,1.000000,1.000000,0,0
15.000000,-7.000000,3,4,1.000000,1.000000,0.000000,0.000000,1.000000,1.000000,0,0
13.000000,-6.000000,3,4,1.000000,1.000000,0.000000,0.000000,1.000000,1.000000,0,0
14.000000,-6.000000,3,4,1.000000,1.000000,0.000000,0.000000,1.000000,1.000000,0,0
16.000000,-8.000000,3,4,1.000000,1.000000,0.000000,0.000000,1.000000,1.000000,0,0
16.000000,-8.000000,3,4,1.000000,1.000000,0.000000,0.000000,1.000000,1.000000,0,0
19.000000,-8.000000,3,4,1.000000,1.000000,0.000000,0.000000,1.000000,1.000000,0,0
21.000000,-4.000000,3,4,1.000000,1.000000,0.000000,0.000000,1.000000,1.000000,0,0
14.000000,-7.000000,3,4,1.000000,1.000000,0.000000,0.000000,1.000000,1.000000,0,0
3.000000,9.000000,3,4,1.000000,1.000000,0.000000,0.000000,1.000000,1.000000,0,0
14.000000,-7.000000,3,4,1.000000,1.000000,0.000000,0.000000,1.000000,1.000000,0,0
16.000000,-8.000000,3,4,1.000000,1.000000,0.000000,0.000000,1.000000,1.000000,0,0
20.000000,-7.000000,3,4,1.000000,1.000000,0.000000,0.000000,1.000000,1.000000,0,0
20.000000,-7.000000,3,4,1.000000,1.000000,0.000000,0.000000,1.000000,1.000000,0,0
-5.000000,-7.000000,3,4,1.000000,1.000000,0.000000,0.000000,1.000000,1.000000,0,0
16.000000,-8.000000,3,4,1.000000,1.000000,0.000000,0.000000,1.000000,1.000000,0,0
8.000000,4.000000,3,4,1.000000,1.000000,0.000000,0.000000,1.000000,1.000000,0,0
8.000000,4.000000,3,4,1.000000,1.000000,0.000000,0.000000,1.000000,1.000000,0,0
14.000000,-5.000000,3,4,1.000000,1.000000,0.000000,0.000000,1.000000,1.000000,0,0
-8.000000,-2.000000,3,4,1.000000,1.000000,0.000000,0.000000,1.000000,1.000000,0,0
14.000000,-6.000000,3,4,1.000000,1.000000,0.000000,0.000000,1.000000,1.000000,0,0
14.000000,-6.000000,3,4,1.000000,1.000000,0.000000,0.000000,1.000000,1.000000,0,0
-7.000000,6.000000,3,4,1.000000,1.000000,0.000000,0.000000,1.000000,1.000000,0,0
21.000000,-5.000000,3,4,1.000000,1.000000,0.000000,0.000000,1.000000,1.000000,0,0
2.000000,-8.000000,3,4,1.000000,1.000000,0.000000,0.000000,1.000000,1.000000,0,0
2.000000,-8.000000,3,4,1.000000,1.000000,0.000000,0.000000,1.000000,1.000000,0,0
21.000000,-4.000000,3,4,1.000000,1.000000,0.000000,0.000000,1.000000,1.000000,0,0
21.000000,-4.000000,3,4,1.000000,1.000000,0.000000,0.000000,1.000000,1.000000,0,0
20.000000,-3.000000,3,4,1.000000,1.000000,0.000000,0.000000,1.000000,1.000000,0,0
19.000000,-2.000000,3,4,1.000000,1.000000,0.000000,0.000000,1.000000,1.000000,0,0
3.000000,9.000000,3,4,1.000000,1.000000,0.000000,0.000000,1.000000,1.000000,0,0
-20.000000,10.000000,3,4,1.000000,1.000000,0.000000,0.000000,1.000000,1.000000,0,0
19.000000,-2.000000,3,4,1.000000,1.000000,0.000000,0.000000,1.000000,1.000000,0,0
19.000000,-7.000000,3,4,1.000000,1.000000,0.000000,0.000000,1.000000,1.000000,0,0
19.000000,-2.000000,3,4,1.000000,1.000000,0.000000,0.000000,1.000000,1.000000,0,0
19.000000,-7.000000,3,4,1.000000,1.000000,0.000000,0.000000,1.000000,1.000000,0,0
18.000000,-1.000000,3,4,1.000000,1.000000,0.000000,0.000000,1.000000,1.000000,0,0
20.000000,-6.000000,3,4,1.000000,1.000000,0.000000,0.000000,1.000000,1.000000,0,0
18.000000,-1.000000,3,4,1.000000,1.000000,0.000000,0.000000,1.000000,1.000000,0,0
18.000000,-1.000000,3,4,1.000000,1.000000,0.000000,0.000000,1.000000,1.000000,0,0
18.000000,-1.000000,3,4,1.000000,1.000000,0.000000,0.000000,1.000000,1.000000,0,0
18.000000,-1.000000,3,4,1.000000,1.000000,0.000000,0.000000,1.000000,1.000000,0,0
-5.000000,-7.000000,3,4,1.000000,1.000000,0.000000,0.000000,1.000000,1.000000,0,0
-19.000000,7.000000,3,4,1.000000,1.000000,0.000000,0.000000,1.000000,1.000000,0,0
20.000000,-6.000000,3,4,1.000000,1.000000,0.000000,0.000000,1.000000,1.000000,0,0
20.000000,-6.000000,3,4,1.000000,1.000000,0.000000,0.000000,1.000000,1.000000,0,0
17.000000,-1.000000,3,4,1.000000,1.000000,0.000000,0.000000,1.000000,1.000000,0,0
17.000000,-1.000000,3,4,1.000000,1.000000,0.000000,0.000000,1.000000,1.000000,0,0
19.000000,-5.000000,3,4,1.000000,1.000000,0.000000,0.000000,1.000000,1.000000,0,0
-18.000000,7.000000,3,4,1.000000,1.000000,0.000000,0.000000,1.000000,1.000000,0,0
-18.000000,7.000000,3,4,1.000000,1.000000,0.000000,0.000000,1.000000,1.000000,0,0
-18.000000,7.000000,3,4,1.000000,1.000000,0.000000,0.000000,1.000000,1.000000,0,0
-18.000000,7.000000,3,4,1.000000,1.000000,0.000000,0.000000,1.000000,1.000000,0,0
-17.000000,6.000000,3,4,1.000000,1.000000,0.000000,0.000000,1.000000,1.000000,0,0
-17.000000,6.000000,3,4,1.000000,1.000000,0.000000,0.000000,1.000000,1.000000,0,0
-17.000000,6.000000,3,4,1.000000,1.000000,0.000000,0.000000,1.000000,1.000000,0,0
-16.000000,5.000000,3,4,1.000000,1.000000,0.000000,0.000000,1.000000,1.000000,0,0
-16.000000,5.000000,3,4,1.000000,1.000000,0.000000,0.000000,1.000000,1.000000,0,0
-16.000000,5.000000,3,4,1.000000,1.000000,0.000000,0.000000,1.000000,1.000000,0,0
-17.000000,3.000000,3,4,1.000000,1.000000,0.000000,0.000000,1.000000,1.000000,0,0
-17.000000,3.000000,3,4,1.000000,1.000000,0.000000,0.000000,1.000000,1.000000,0,0
-18.000000,2.000000,3,4,1.000000,1.000000,0.000000,0.000000,1.000000,1.000000,0,0
-18.000000,2.000000,3,4,1.000000,1.000000,0.000000,0.000000,1.000000,1.000000,0,0
-18.000000,2.000000,3,4,1.000000,1.000000,0.000000,0.000000,1.000000,1.000000,0,0
-18.000000,2.000000,3,4,1.000000,1.000000,0.000000,0.000000,1.000000,1.000000,0,0
-18.000000,2.000000,3,4,1.000000,1.000000,0.000000,0.000000,1.000000,1.000000,0,0
-19.000000,2.000000,3,4,1.000000,1.000000,0.000000,0.000000,1.000000,1.000000,0,0
-19.000000,2.000000,3,4,1.000000,1.000000,0.000000,0.000000,1.000000,1.000000,0,0
-19.000000,2.000000,3,4,1.000000,1.000000,0.000000,0.000000,1.000000,1.000000,0,0
-19.000000,2.000000,3,4,1.000000,1.000000,0.000000,0.000000,1.000000,1.000000,0,0
-19.000000,2.000000,3,4,1.000000,1.000000,0.000000,0.000000,1.000000,1.000000,0,0
-20.000000,2.000000,3,4,1.000000,1.000000,0.000000,0.000000,1.000000,1.000000,0,0
-20.000000,2.000000,3,4,1.000000,1.000000,0.000000,0.000000,1.000000,1.000000,0,0
-20.000000,2.000000,3,4,1.000000,1.000000,0.000000,0.000000,1.000000,1.000000,0,0
-20.000000,2.000000,3,4,1.000000,1.000000,0.000000,0.000000,1.000000,1.000000,0,0
-20.000000,2.000000,3,4,1.000000,1.000000,0.000000,0.000000,1.000000,1.000000,0,0
-20.000000,2.000000,3,4,1.000000,1.000000,0.000000,0.000000,1.000000,1.000000,0,0
-20.000000,2.000000,3,4,1.000000,1.000000,0.000000,0.000000,1.000000,1.000000,0,0
-20.000000,2.000000,3,4,1.000000,1.000000,0.000000,0.000000,1.000000,1.000000,0,0
-20.000000,2.000000,3,4,1.000000,1.000000,0.000000,0.000000,1.000000,1.000000,0,0
-21.000000,3.000000,3,4,1.000000,1.000000,0.000000,0.000000,1.000000,1.000000,0,0
-21.000000,3.000000,3,4,1.000000,1.000000,0.000000,0.000000,1.000000,1.000000,0,0
-21.000000,3.000000,3,4,1.000000,1.000000,0.000000,0.000000,1.000000,1.000000,0,0
20.000000,-7.000000,3,4,1.000000,1.000000,0.000000,0.000000,1.000000,1.000000,0,0
20.000000,-2.000000,3,4,1.000000,1.000000,0.000000,0.000000,1.000000,1.000000,0,0
14.000000,-7.000000,3,4,1.000000,1.000000,0.000000,0.000000,1.000000,1.000000,0,0
21.000000,-5.000000,3,4,1.000000,1.000000,0.000000,0.000000,1.000000,1.000000,0,0
20.000000,-2.000000,3,4,1.000000,1.000000,0.000000,0.000000,1.000000,1.000000,0,0
21.000000,-5.000000,3,4,1.000000,1.000000,0.000000,0.000000,1.000000,1.000000,0,0
21.000000,-4.000000,3,4,1.000000,1.000000,0.000000,0.000000,1.000000,1.000000,0,0
20.000000,-2.000000,3,4,1.000000,1.000000,0.000000,0.000000,1.000000,1.000000,0,0
21.000000,-5.000000,3,4,1.000000,1.000000,0.000000,0.000000,1.000000,1.000000,0,0
20.000000,-2.000000,3,4,1.000000,1.000000,0.000000,0.000000,1.000000,1.000000,0,0
20.000000,-2.000000,3,4,1.000000,1.000000,0.000000,0.000000,1.000000,1.000000,0,0
19.000000,-7.000000,3,4,1.000000,1.000000,0.000000,0.000000,1.000000,1.000000,0,0
-21.000000,8.000000,3,4,1.000000,1.000000,0.000000,0.000000,1.000000,1.000000,0,0
-21.000000,8.000000,3,4,1.000000,1.000000,0.000000,0.000000,1.000000,1.000000,0,0
-16.000000,4.000000,3,4,1.000000,1.000000,0.000000,0.000000,1.000000,1.000000,0,0
-7.000000,6.000000,3,4,1.000000,1.000000,0.000000,0.000000,1.000000,1.000000,0,0
-16.000000,4.000000,3,4,1.000000,1.000000,0.000000,0.000000,1.000000,1.000000,0,0
-16.000000,4.000000,3,4,1.000000,1.000000,0.000000,0.000000,1.000000,1.000000,0,0
-17.000000,9.000000,3,4,1.000000,1.000000,0.000000,0.000000,1.000000,1.000000,0,0
-17.000000,9.000000,3,4,1.000000,1.000000,0.000000,0.000000,1.000000,1.000000,0,0
-18.000000,10.000000,3,4,1.000000,1.000000,0.000000,0.000000,1.000000,1.000000,0,0
-18.000000,10.000000,3,4,1.000000,1.000000,0.000000,0.000000,1.000000,1.000000,0,0
-19.000000,10.000000,3,4,1.000000,1.000000,0.000000,0.000000,1.000000,1.000000,0,0
-19.000000,10.000000,3,4,1.000000,1.000000,0.000000,0.000000,1.000000,1.000000,0,0
-19.000000,10.000000,3,4,1.000000,1.000000,0.000000,0.000000,1.000000,1.000000,0,0
-20.000000,10.000000,3,4,1.000000,1.000000,0.000000,0.000000,1.000000,1.000000,0,0
19.000000,-2.000000,3,4,1.000000,1.000000,0.000000,0.000000,1.000000,1.000000,0,0
-21.000000,9.000000,3,4,1.000000,1.000000,0.000000,0.000000,1.000000,1.000000,0,0
-21.000000,9.000000,3,4,1.000000,1.000000,0.000000,0.000000,1.000000,1.000000,0,0
-21.000000,9.000000,3,4,1.000000,1.000000,0.000000,0.000000,1.000000,1.000000,0,0
-20.000000,7.000000,3,4,1.000000,1.000000,0.000000,0.000000,1.000000,1.000000,0,0
-20.000000,7.000000,3,4,1.000000,1.000000,0.000000,0.000000,1.000000,1.000000,0,0
-20.000000,7.000000,3,4,1.000000,1.000000,0.000000,0.000000,1.000000,1.000000,0,0
-20.000000,7.000000,3,4,1.000000,1.000000,0.000000,0.000000,1.000000,1.000000,0,0
-19.000000,7.000000,3,4,1.000000,1.000000,0.000000,0.000000,1.000000,1.000000,0,0
-19.000000,7.000000,3,4,1.000000,1.000000,0.000000,0.000000,1.000000,1.000000,0,0
-19.000000,7.000000,3,4,1.000000,1.000000,0.000000,0.000000,1.000000,1.000000,0,0
-19.000000,7.000000,3,4,1.000000,1.000000,0.000000,0.000000,1.000000,1.000000,0,0
17.000000,-1.000000,3,4,1.000000,1.000000,0.000000,0.000000,1.000000,1.000000,0,0
-19.000000,7.000000,3,4,1.000000,1.000000,0.000000,0.000000,1.000000,1.000000,0,0
-18.000000,7.000000,3,4,1.000000,1.000000,0.000000,0.000000,1.000000,1.000000,0,0
-18.000000,7.000000,3,4,1.000000,1.000000,0.000000,0.000000,1.000000,1.000000,0,0
-18.000000,7.000000,3,4,1.000000,1.000000,0.000000,0.000000,1.000000,1.000000,0,0
-18.000000,7.000000,3,4,1.000000,1.000000,0.000000,0.000000,1.000000,1.000000,0,0
